02B53D3C-93CC-4580-B365-69197ED8BC98#appfire#UserAccessDomainService#appfire#sales.app.server.service.UserAccessDomainService#appfire#{"resourceMapping":"/UserAccessDomain","defaultMethodType":"","defaultContentType":""}#appfire#{"repository":{"fileName":"UserAccessDomainService.java","filePath":"sales/src/main/java/sales/app/server/service/UserAccessDomainService.java"},"implementInterface":[],"extendsClass":[],"repositories":[{"repository":{"fileName":"UserAccessDomainRepositoryImpl.java","filePath":"sales/src/main/java/sales/app/server/repository/UserAccessDomainRepositoryImpl.java"},"implementInterface":[{"fileName":"UserAccessDomainRepository.java","filePath":"sales/src/main/java/sales/app/server/repository/UserAccessDomainRepository.java"}],"extendsClass":[{"fileName":"SearchInterfaceImpl.java","filePath":"sales/src/main/java/sales/app/server/repository/SearchInterfaceImpl.java","isDisplay":false}],"entities":{"fileName":"UserAccessDomain.java","filePath":"sales/src/main/java/sales/app/shared/authentication/UserAccessDomain.java"}}]}#appfire#I#appfire#B76CI6M85A58LBP7NYA2A#appfire#BECE5DE9-31B4-4FBB-A057-82686259314E#appfire#1#appfire#\N#appfire#2016-01-14 08:53:20#appfire#\N#appfire#2016-01-14 08:53:20#appfire#1#appfire#1#appfire#08BE4F0C-E5F1-4B53-9F31-726A49E3E15E
159E2460-2F86-4488-B544-9D11D710EF92#appfire#QuestionService#appfire#sales.app.server.service.QuestionService#appfire#{"resourceMapping":"/Question","defaultMethodType":"","defaultContentType":""}#appfire#{"repository":{"fileName":"QuestionService.java","filePath":"sales/src/main/java/sales/app/server/service/QuestionService.java"},"implementInterface":[],"extendsClass":[],"repositories":[{"repository":{"fileName":"QuestionRepositoryImpl.java","filePath":"sales/src/main/java/sales/app/server/repository/QuestionRepositoryImpl.java"},"implementInterface":[{"fileName":"QuestionRepository.java","filePath":"sales/src/main/java/sales/app/server/repository/QuestionRepository.java"}],"extendsClass":[{"fileName":"SearchInterfaceImpl.java","filePath":"sales/src/main/java/sales/app/server/repository/SearchInterfaceImpl.java","isDisplay":false}],"entities":{"fileName":"Question.java","filePath":"sales/src/main/java/sales/app/shared/authentication/Question.java"}}]}#appfire#I#appfire#B76CI6M85A58LBP7NYA2A#appfire#BECE5DE9-31B4-4FBB-A057-82686259314E#appfire#1#appfire#\N#appfire#2016-01-14 08:53:19#appfire#\N#appfire#2016-01-14 08:53:19#appfire#1#appfire#1#appfire#C07C10C0-DF46-407F-B1CC-5BD7AB31AC01
1D842BAE-B34D-437A-8D89-277ECEB49837#appfire#AddressTypeService#appfire#sales.app.server.service.AddressTypeService#appfire#{"resourceMapping":"/AddressType","defaultMethodType":"","defaultContentType":""}#appfire#{"repository":{"fileName":"AddressTypeService.java","filePath":"sales/src/main/java/sales/app/server/service/AddressTypeService.java"},"implementInterface":[],"extendsClass":[],"repositories":[{"repository":{"fileName":"AddressTypeRepositoryImpl.java","filePath":"sales/src/main/java/sales/app/server/repository/AddressTypeRepositoryImpl.java"},"implementInterface":[{"fileName":"AddressTypeRepository.java","filePath":"sales/src/main/java/sales/app/server/repository/AddressTypeRepository.java"}],"extendsClass":[{"fileName":"SearchInterfaceImpl.java","filePath":"sales/src/main/java/sales/app/server/repository/SearchInterfaceImpl.java","isDisplay":false}],"entities":{"fileName":"AddressType.java","filePath":"sales/src/main/java/sales/app/shared/location/AddressType.java"}}]}#appfire#I#appfire#B76CI6M85A58LBP7NYA2A#appfire#BECE5DE9-31B4-4FBB-A057-82686259314E#appfire#1#appfire#\N#appfire#2016-01-14 08:53:04#appfire#\N#appfire#2016-01-14 08:53:04#appfire#1#appfire#1#appfire#44427323-EFFA-4E3E-8215-553A8E66606F
2387DDF5-F0F8-4105-80B5-9AFCF92AC569#appfire#CoreContactsService#appfire#sales.app.server.service.CoreContactsService#appfire#{"resourceMapping":"/CoreContacts","defaultMethodType":"","defaultContentType":""}#appfire#{"repository":{"fileName":"CoreContactsService.java","filePath":"sales/src/main/java/sales/app/server/service/CoreContactsService.java"},"implementInterface":[],"extendsClass":[],"repositories":[{"repository":{"fileName":"CoreContactsRepositoryImpl.java","filePath":"sales/src/main/java/sales/app/server/repository/CoreContactsRepositoryImpl.java"},"implementInterface":[{"fileName":"CoreContactsRepository.java","filePath":"sales/src/main/java/sales/app/server/repository/CoreContactsRepository.java"}],"extendsClass":[{"fileName":"SearchInterfaceImpl.java","filePath":"sales/src/main/java/sales/app/server/repository/SearchInterfaceImpl.java","isDisplay":false}],"entities":{"fileName":"CoreContacts.java","filePath":"sales/src/main/java/sales/app/shared/contacts/CoreContacts.java"}}]}#appfire#I#appfire#B76CI6M85A58LBP7NYA2A#appfire#BECE5DE9-31B4-4FBB-A057-82686259314E#appfire#1#appfire#\N#appfire#2016-01-14 08:53:13#appfire#\N#appfire#2016-01-14 08:53:13#appfire#1#appfire#1#appfire#9DE56DC9-13A6-4725-96E6-C1E9C85E1436
32F3434C-CB5C-4BB0-B809-5E2C4A6303F8#appfire#CityService#appfire#sales.app.server.service.CityService#appfire#{"resourceMapping":"/City","defaultMethodType":"","defaultContentType":""}#appfire#{"repository":{"fileName":"CityService.java","filePath":"sales/src/main/java/sales/app/server/service/CityService.java"},"implementInterface":[],"extendsClass":[],"repositories":[{"repository":{"fileName":"CityRepositoryImpl.java","filePath":"sales/src/main/java/sales/app/server/repository/CityRepositoryImpl.java"},"implementInterface":[{"fileName":"CityRepository.java","filePath":"sales/src/main/java/sales/app/server/repository/CityRepository.java"}],"extendsClass":[{"fileName":"SearchInterfaceImpl.java","filePath":"sales/src/main/java/sales/app/server/repository/SearchInterfaceImpl.java","isDisplay":false}],"entities":{"fileName":"City.java","filePath":"sales/src/main/java/sales/app/shared/location/City.java"}}]}#appfire#I#appfire#B76CI6M85A58LBP7NYA2A#appfire#BECE5DE9-31B4-4FBB-A057-82686259314E#appfire#1#appfire#\N#appfire#2016-01-14 08:52:58#appfire#\N#appfire#2016-01-14 08:52:58#appfire#1#appfire#1#appfire#AB6B7AF0-6A91-4005-9E60-984E094D9894
346F0B68-B1AD-4B90-A39F-2E3738D4FE1A#appfire#RolesService#appfire#sales.app.server.service.RolesService#appfire#{"resourceMapping":"/Roles","defaultMethodType":"","defaultContentType":""}#appfire#{"repository":{"fileName":"RolesService.java","filePath":"sales/src/main/java/sales/app/server/service/RolesService.java"},"implementInterface":[],"extendsClass":[],"repositories":[{"repository":{"fileName":"RolesRepositoryImpl.java","filePath":"sales/src/main/java/sales/app/server/repository/RolesRepositoryImpl.java"},"implementInterface":[{"fileName":"RolesRepository.java","filePath":"sales/src/main/java/sales/app/server/repository/RolesRepository.java"}],"extendsClass":[{"fileName":"SearchInterfaceImpl.java","filePath":"sales/src/main/java/sales/app/server/repository/SearchInterfaceImpl.java","isDisplay":false}],"entities":{"fileName":"Roles.java","filePath":"sales/src/main/java/sales/app/shared/authorization/Roles.java"}}]}#appfire#I#appfire#B76CI6M85A58LBP7NYA2A#appfire#BECE5DE9-31B4-4FBB-A057-82686259314E#appfire#1#appfire#\N#appfire#2016-01-14 08:53:38#appfire#\N#appfire#2016-01-14 08:53:38#appfire#1#appfire#1#appfire#9D6F8289-FA67-4E6D-BA1B-64125C784B6D
4B1E59AE-CF64-4A71-B3F0-A1515981748E#appfire#TimezoneService#appfire#sales.app.server.service.TimezoneService#appfire#{"resourceMapping":"/Timezone","defaultMethodType":"","defaultContentType":""}#appfire#{"repository":{"fileName":"TimezoneService.java","filePath":"sales/src/main/java/sales/app/server/service/TimezoneService.java"},"implementInterface":[],"extendsClass":[],"repositories":[{"repository":{"fileName":"TimezoneRepositoryImpl.java","filePath":"sales/src/main/java/sales/app/server/repository/TimezoneRepositoryImpl.java"},"implementInterface":[{"fileName":"TimezoneRepository.java","filePath":"sales/src/main/java/sales/app/server/repository/TimezoneRepository.java"}],"extendsClass":[{"fileName":"SearchInterfaceImpl.java","filePath":"sales/src/main/java/sales/app/server/repository/SearchInterfaceImpl.java","isDisplay":false}],"entities":{"fileName":"Timezone.java","filePath":"sales/src/main/java/sales/app/shared/location/Timezone.java"}}]}#appfire#I#appfire#B76CI6M85A58LBP7NYA2A#appfire#BECE5DE9-31B4-4FBB-A057-82686259314E#appfire#1#appfire#\N#appfire#2016-01-14 08:52:52#appfire#\N#appfire#2016-01-14 08:52:52#appfire#1#appfire#1#appfire#9888426A-EA2F-4C45-BABD-91A65258A8FE
4BC1DC48-0387-4A0C-967B-162A6C7E27C0#appfire#DistrictService#appfire#sales.app.server.service.DistrictService#appfire#{"resourceMapping":"/District","defaultMethodType":"","defaultContentType":""}#appfire#{"repository":{"fileName":"DistrictService.java","filePath":"sales/src/main/java/sales/app/server/service/DistrictService.java"},"implementInterface":[],"extendsClass":[],"repositories":[{"repository":{"fileName":"DistrictRepositoryImpl.java","filePath":"sales/src/main/java/sales/app/server/repository/DistrictRepositoryImpl.java"},"implementInterface":[{"fileName":"DistrictRepository.java","filePath":"sales/src/main/java/sales/app/server/repository/DistrictRepository.java"}],"extendsClass":[{"fileName":"SearchInterfaceImpl.java","filePath":"sales/src/main/java/sales/app/server/repository/SearchInterfaceImpl.java","isDisplay":false}],"entities":{"fileName":"District.java","filePath":"sales/src/main/java/sales/app/shared/location/District.java"}}]}#appfire#I#appfire#B76CI6M85A58LBP7NYA2A#appfire#BECE5DE9-31B4-4FBB-A057-82686259314E#appfire#1#appfire#\N#appfire#2016-01-14 08:52:56#appfire#\N#appfire#2016-01-14 08:52:56#appfire#1#appfire#1#appfire#D19906C8-83A2-4686-8BEE-99C0D51C7355
4F4B4364-602E-4684-97CF-204714FF97A2#appfire#AppMenusService#appfire#sales.app.server.service.AppMenusService#appfire#{"resourceMapping":"/AppMenus","defaultMethodType":"","defaultContentType":""}#appfire#{"repository":{"fileName":"AppMenusService.java","filePath":"sales/src/main/java/sales/app/server/service/AppMenusService.java"},"implementInterface":[],"extendsClass":[],"repositories":[{"repository":{"fileName":"AppMenusRepositoryImpl.java","filePath":"sales/src/main/java/sales/app/server/repository/AppMenusRepositoryImpl.java"},"implementInterface":[{"fileName":"AppMenusRepository.java","filePath":"sales/src/main/java/sales/app/server/repository/AppMenusRepository.java"}],"extendsClass":[{"fileName":"SearchInterfaceImpl.java","filePath":"sales/src/main/java/sales/app/server/repository/SearchInterfaceImpl.java","isDisplay":false}],"entities":{"fileName":"AppMenus.java","filePath":"sales/src/main/java/sales/app/shared/authorization/AppMenus.java"}}]}#appfire#I#appfire#B76CI6M85A58LBP7NYA2A#appfire#BECE5DE9-31B4-4FBB-A057-82686259314E#appfire#1#appfire#\N#appfire#2016-01-14 08:53:39#appfire#\N#appfire#2016-01-14 08:53:39#appfire#1#appfire#1#appfire#D68E2282-B3C0-4322-AE86-B2A4C73BD3BA
5D67F990-438D-4D52-A0A9-896DD75572DD#appfire#RegionService#appfire#sales.app.server.service.RegionService#appfire#{"resourceMapping":"/Region","defaultMethodType":"","defaultContentType":""}#appfire#{"repository":{"fileName":"RegionService.java","filePath":"sales/src/main/java/sales/app/server/service/RegionService.java"},"implementInterface":[],"extendsClass":[],"repositories":[{"repository":{"fileName":"RegionRepositoryImpl.java","filePath":"sales/src/main/java/sales/app/server/repository/RegionRepositoryImpl.java"},"implementInterface":[{"fileName":"RegionRepository.java","filePath":"sales/src/main/java/sales/app/server/repository/RegionRepository.java"}],"extendsClass":[{"fileName":"SearchInterfaceImpl.java","filePath":"sales/src/main/java/sales/app/server/repository/SearchInterfaceImpl.java","isDisplay":false}],"entities":{"fileName":"Region.java","filePath":"sales/src/main/java/sales/app/shared/location/Region.java"}}]}#appfire#I#appfire#B76CI6M85A58LBP7NYA2A#appfire#BECE5DE9-31B4-4FBB-A057-82686259314E#appfire#1#appfire#\N#appfire#2016-01-14 08:52:55#appfire#\N#appfire#2016-01-14 08:52:55#appfire#1#appfire#1#appfire#C81278CD-87C0-4109-A6E2-4D531C7045FC
5FE27B31-3FBE-4D29-8DB6-A3EA3B516596#appfire#PasswordPolicyService#appfire#sales.app.server.service.PasswordPolicyService#appfire#{"resourceMapping":"/PasswordPolicy","defaultMethodType":"","defaultContentType":""}#appfire#{"repository":{"fileName":"PasswordPolicyService.java","filePath":"sales/src/main/java/sales/app/server/service/PasswordPolicyService.java"},"implementInterface":[],"extendsClass":[],"repositories":[{"repository":{"fileName":"PasswordPolicyRepositoryImpl.java","filePath":"sales/src/main/java/sales/app/server/repository/PasswordPolicyRepositoryImpl.java"},"implementInterface":[{"fileName":"PasswordPolicyRepository.java","filePath":"sales/src/main/java/sales/app/server/repository/PasswordPolicyRepository.java"}],"extendsClass":[{"fileName":"SearchInterfaceImpl.java","filePath":"sales/src/main/java/sales/app/server/repository/SearchInterfaceImpl.java","isDisplay":false}],"entities":{"fileName":"PasswordPolicy.java","filePath":"sales/src/main/java/sales/app/shared/authentication/PasswordPolicy.java"}}]}#appfire#I#appfire#B76CI6M85A58LBP7NYA2A#appfire#BECE5DE9-31B4-4FBB-A057-82686259314E#appfire#1#appfire#\N#appfire#2016-01-14 08:53:18#appfire#\N#appfire#2016-01-14 08:53:18#appfire#1#appfire#1#appfire#7D84ED7A-6302-4D49-B70F-325DFB23199D
62801FAC-44A5-4547-86B0-8EFE11B45384#appfire#UserRoleBridgeService#appfire#sales.app.server.service.UserRoleBridgeService#appfire#{"resourceMapping":"/UserRoleBridge","defaultMethodType":"","defaultContentType":""}#appfire#{"repository":{"fileName":"UserRoleBridgeService.java","filePath":"sales/src/main/java/sales/app/server/service/UserRoleBridgeService.java"},"implementInterface":[],"extendsClass":[],"repositories":[{"repository":{"fileName":"UserRoleBridgeRepositoryImpl.java","filePath":"sales/src/main/java/sales/app/server/repository/UserRoleBridgeRepositoryImpl.java"},"implementInterface":[{"fileName":"UserRoleBridgeRepository.java","filePath":"sales/src/main/java/sales/app/server/repository/UserRoleBridgeRepository.java"}],"extendsClass":[{"fileName":"SearchInterfaceImpl.java","filePath":"sales/src/main/java/sales/app/server/repository/SearchInterfaceImpl.java","isDisplay":false}],"entities":{"fileName":"UserRoleBridge.java","filePath":"sales/src/main/java/sales/app/shared/authorization/UserRoleBridge.java"}}]}#appfire#I#appfire#B76CI6M85A58LBP7NYA2A#appfire#BECE5DE9-31B4-4FBB-A057-82686259314E#appfire#1#appfire#\N#appfire#2016-01-14 08:53:40#appfire#\N#appfire#2016-01-14 08:53:40#appfire#1#appfire#1#appfire#2DB66E4A-3344-4B73-B176-326557518A51
63E118CA-31EE-4BB1-9893-6EF739C790FF#appfire#AppCustomerTypeService#appfire#sales.app.server.service.AppCustomerTypeService#appfire#{"resourceMapping":"/AppCustomerType","defaultMethodType":"","defaultContentType":""}#appfire#{"repository":{"fileName":"AppCustomerTypeService.java","filePath":"sales/src/main/java/sales/app/server/service/AppCustomerTypeService.java"},"implementInterface":[],"extendsClass":[],"repositories":[{"repository":{"fileName":"AppCustomerTypeRepositoryImpl.java","filePath":"sales/src/main/java/sales/app/server/repository/AppCustomerTypeRepositoryImpl.java"},"implementInterface":[{"fileName":"AppCustomerTypeRepository.java","filePath":"sales/src/main/java/sales/app/server/repository/AppCustomerTypeRepository.java"}],"extendsClass":[{"fileName":"SearchInterfaceImpl.java","filePath":"sales/src/main/java/sales/app/server/repository/SearchInterfaceImpl.java","isDisplay":false}],"entities":{"fileName":"AppCustomerType.java","filePath":"sales/src/main/java/sales/app/shared/customers/AppCustomerType.java"}}]}#appfire#I#appfire#B76CI6M85A58LBP7NYA2A#appfire#BECE5DE9-31B4-4FBB-A057-82686259314E#appfire#1#appfire#\N#appfire#2016-01-14 08:53:42#appfire#\N#appfire#2016-01-14 08:53:42#appfire#1#appfire#1#appfire#795A5D5D-E3FD-4168-9F3F-66CF89F787AA
64BC6AA2-9772-4B7D-9644-5E587EEFBAE5#appfire#CurrencyService#appfire#sales.app.server.service.CurrencyService#appfire#{"resourceMapping":"/Currency","defaultMethodType":"","defaultContentType":""}#appfire#{"repository":{"fileName":"CurrencyService.java","filePath":"sales/src/main/java/sales/app/server/service/CurrencyService.java"},"implementInterface":[],"extendsClass":[],"repositories":[{"repository":{"fileName":"CurrencyRepositoryImpl.java","filePath":"sales/src/main/java/sales/app/server/repository/CurrencyRepositoryImpl.java"},"implementInterface":[{"fileName":"CurrencyRepository.java","filePath":"sales/src/main/java/sales/app/server/repository/CurrencyRepository.java"}],"extendsClass":[{"fileName":"SearchInterfaceImpl.java","filePath":"sales/src/main/java/sales/app/server/repository/SearchInterfaceImpl.java","isDisplay":false}],"entities":{"fileName":"Currency.java","filePath":"sales/src/main/java/sales/app/shared/location/Currency.java"}}]}#appfire#I#appfire#B76CI6M85A58LBP7NYA2A#appfire#BECE5DE9-31B4-4FBB-A057-82686259314E#appfire#1#appfire#\N#appfire#2016-01-14 08:52:53#appfire#\N#appfire#2016-01-14 08:52:53#appfire#1#appfire#1#appfire#1E9CF95E-3099-4CD6-BF4D-03DA02FD3B2C
6D57B062-0862-4C48-823D-BC2EFA5119DF#appfire#LanguageService#appfire#sales.app.server.service.LanguageService#appfire#{"resourceMapping":"/Language","defaultMethodType":"","defaultContentType":""}#appfire#{"repository":{"fileName":"LanguageService.java","filePath":"sales/src/main/java/sales/app/server/service/LanguageService.java"},"implementInterface":[],"extendsClass":[],"repositories":[{"repository":{"fileName":"LanguageRepositoryImpl.java","filePath":"sales/src/main/java/sales/app/server/repository/LanguageRepositoryImpl.java"},"implementInterface":[{"fileName":"LanguageRepository.java","filePath":"sales/src/main/java/sales/app/server/repository/LanguageRepository.java"}],"extendsClass":[{"fileName":"SearchInterfaceImpl.java","filePath":"sales/src/main/java/sales/app/server/repository/SearchInterfaceImpl.java","isDisplay":false}],"entities":{"fileName":"Language.java","filePath":"sales/src/main/java/sales/app/shared/location/Language.java"}}]}#appfire#I#appfire#B76CI6M85A58LBP7NYA2A#appfire#BECE5DE9-31B4-4FBB-A057-82686259314E#appfire#1#appfire#\N#appfire#2016-01-14 08:52:52#appfire#\N#appfire#2016-01-14 08:52:52#appfire#1#appfire#1#appfire#AD105B51-A9E3-49EE-9BDD-FA40C69A3CC7
84561D72-3031-4A84-9534-2D6937D91629#appfire#StateService#appfire#sales.app.server.service.StateService#appfire#{"resourceMapping":"/State","defaultMethodType":"","defaultContentType":""}#appfire#{"repository":{"fileName":"StateService.java","filePath":"sales/src/main/java/sales/app/server/service/StateService.java"},"implementInterface":[],"extendsClass":[],"repositories":[{"repository":{"fileName":"StateRepositoryImpl.java","filePath":"sales/src/main/java/sales/app/server/repository/StateRepositoryImpl.java"},"implementInterface":[{"fileName":"StateRepository.java","filePath":"sales/src/main/java/sales/app/server/repository/StateRepository.java"}],"extendsClass":[{"fileName":"SearchInterfaceImpl.java","filePath":"sales/src/main/java/sales/app/server/repository/SearchInterfaceImpl.java","isDisplay":false}],"entities":{"fileName":"State.java","filePath":"sales/src/main/java/sales/app/shared/location/State.java"}}]}#appfire#I#appfire#B76CI6M85A58LBP7NYA2A#appfire#BECE5DE9-31B4-4FBB-A057-82686259314E#appfire#1#appfire#\N#appfire#2016-01-14 08:52:54#appfire#\N#appfire#2016-01-14 08:52:54#appfire#1#appfire#1#appfire#ADFE122C-51C1-4F60-909A-BB374B730785
94686432-62D2-40BD-AD32-5C0D0DB739A2#appfire#VillageService#appfire#sales.app.server.service.VillageService#appfire#{"resourceMapping":"/Village","defaultMethodType":"","defaultContentType":""}#appfire#{"repository":{"fileName":"VillageService.java","filePath":"sales/src/main/java/sales/app/server/service/VillageService.java"},"implementInterface":[],"extendsClass":[],"repositories":[{"repository":{"fileName":"VillageRepositoryImpl.java","filePath":"sales/src/main/java/sales/app/server/repository/VillageRepositoryImpl.java"},"implementInterface":[{"fileName":"VillageRepository.java","filePath":"sales/src/main/java/sales/app/server/repository/VillageRepository.java"}],"extendsClass":[{"fileName":"SearchInterfaceImpl.java","filePath":"sales/src/main/java/sales/app/server/repository/SearchInterfaceImpl.java","isDisplay":false}],"entities":{"fileName":"Village.java","filePath":"sales/src/main/java/sales/app/shared/location/Village.java"}}]}#appfire#I#appfire#B76CI6M85A58LBP7NYA2A#appfire#BECE5DE9-31B4-4FBB-A057-82686259314E#appfire#1#appfire#\N#appfire#2016-01-14 08:53:02#appfire#\N#appfire#2016-01-14 08:53:02#appfire#1#appfire#1#appfire#8C8B5DA5-5C10-4F4D-8A96-00791418B5B7
99F90EA2-2702-4AA0-830A-2A8ACA62663D#appfire#CountryService#appfire#sales.app.server.service.CountryService#appfire#{"resourceMapping":"/Country","defaultMethodType":"","defaultContentType":""}#appfire#{"repository":{"fileName":"CountryService.java","filePath":"sales/src/main/java/sales/app/server/service/CountryService.java"},"implementInterface":[],"extendsClass":[],"repositories":[{"repository":{"fileName":"CountryRepositoryImpl.java","filePath":"sales/src/main/java/sales/app/server/repository/CountryRepositoryImpl.java"},"implementInterface":[{"fileName":"CountryRepository.java","filePath":"sales/src/main/java/sales/app/server/repository/CountryRepository.java"}],"extendsClass":[{"fileName":"SearchInterfaceImpl.java","filePath":"sales/src/main/java/sales/app/server/repository/SearchInterfaceImpl.java","isDisplay":false}],"entities":{"fileName":"Country.java","filePath":"sales/src/main/java/sales/app/shared/location/Country.java"}}]}#appfire#I#appfire#B76CI6M85A58LBP7NYA2A#appfire#BECE5DE9-31B4-4FBB-A057-82686259314E#appfire#1#appfire#\N#appfire#2016-01-14 08:52:53#appfire#\N#appfire#2016-01-14 08:52:53#appfire#1#appfire#1#appfire#EFE77CFA-FAD7-43DF-BD96-9DB902E22A92
A70C2FBC-A290-4E38-8770-F59E539562C2#appfire#PasswordAlgoService#appfire#sales.app.server.service.PasswordAlgoService#appfire#{"resourceMapping":"/PasswordAlgo","defaultMethodType":"","defaultContentType":""}#appfire#{"repository":{"fileName":"PasswordAlgoService.java","filePath":"sales/src/main/java/sales/app/server/service/PasswordAlgoService.java"},"implementInterface":[],"extendsClass":[],"repositories":[{"repository":{"fileName":"PasswordAlgoRepositoryImpl.java","filePath":"sales/src/main/java/sales/app/server/repository/PasswordAlgoRepositoryImpl.java"},"implementInterface":[{"fileName":"PasswordAlgoRepository.java","filePath":"sales/src/main/java/sales/app/server/repository/PasswordAlgoRepository.java"}],"extendsClass":[{"fileName":"SearchInterfaceImpl.java","filePath":"sales/src/main/java/sales/app/server/repository/SearchInterfaceImpl.java","isDisplay":false}],"entities":{"fileName":"PasswordAlgo.java","filePath":"sales/src/main/java/sales/app/shared/authentication/PasswordAlgo.java"}}]}#appfire#I#appfire#B76CI6M85A58LBP7NYA2A#appfire#BECE5DE9-31B4-4FBB-A057-82686259314E#appfire#1#appfire#\N#appfire#2016-01-14 08:53:18#appfire#\N#appfire#2016-01-14 08:53:18#appfire#1#appfire#1#appfire#F7F57D58-C289-4056-AE8D-B4C75FBAEF65
A92D4342-9259-4964-91E5-7D45F09844BF#appfire#CommunicationGroupService#appfire#sales.app.server.service.CommunicationGroupService#appfire#{"resourceMapping":"/CommunicationGroup","defaultMethodType":"","defaultContentType":""}#appfire#{"repository":{"fileName":"CommunicationGroupService.java","filePath":"sales/src/main/java/sales/app/server/service/CommunicationGroupService.java"},"implementInterface":[],"extendsClass":[],"repositories":[{"repository":{"fileName":"CommunicationGroupRepositoryImpl.java","filePath":"sales/src/main/java/sales/app/server/repository/CommunicationGroupRepositoryImpl.java"},"implementInterface":[{"fileName":"CommunicationGroupRepository.java","filePath":"sales/src/main/java/sales/app/server/repository/CommunicationGroupRepository.java"}],"extendsClass":[{"fileName":"SearchInterfaceImpl.java","filePath":"sales/src/main/java/sales/app/server/repository/SearchInterfaceImpl.java","isDisplay":false}],"entities":{"fileName":"CommunicationGroup.java","filePath":"sales/src/main/java/sales/app/shared/contacts/CommunicationGroup.java"}}]}#appfire#I#appfire#B76CI6M85A58LBP7NYA2A#appfire#BECE5DE9-31B4-4FBB-A057-82686259314E#appfire#1#appfire#\N#appfire#2016-01-14 08:53:08#appfire#\N#appfire#2016-01-14 08:53:08#appfire#1#appfire#1#appfire#9FA52CB4-9AA0-4623-B003-538160613927
AC0EEE20-F904-4C6F-A359-4AF8C6281D7F#appfire#UserAccessLevelService#appfire#sales.app.server.service.UserAccessLevelService#appfire#{"resourceMapping":"/UserAccessLevel","defaultMethodType":"","defaultContentType":""}#appfire#{"repository":{"fileName":"UserAccessLevelService.java","filePath":"sales/src/main/java/sales/app/server/service/UserAccessLevelService.java"},"implementInterface":[],"extendsClass":[],"repositories":[{"repository":{"fileName":"UserAccessLevelRepositoryImpl.java","filePath":"sales/src/main/java/sales/app/server/repository/UserAccessLevelRepositoryImpl.java"},"implementInterface":[{"fileName":"UserAccessLevelRepository.java","filePath":"sales/src/main/java/sales/app/server/repository/UserAccessLevelRepository.java"}],"extendsClass":[{"fileName":"SearchInterfaceImpl.java","filePath":"sales/src/main/java/sales/app/server/repository/SearchInterfaceImpl.java","isDisplay":false}],"entities":{"fileName":"UserAccessLevel.java","filePath":"sales/src/main/java/sales/app/shared/authentication/UserAccessLevel.java"}}]}#appfire#I#appfire#B76CI6M85A58LBP7NYA2A#appfire#BECE5DE9-31B4-4FBB-A057-82686259314E#appfire#1#appfire#\N#appfire#2016-01-14 08:53:19#appfire#\N#appfire#2016-01-14 08:53:19#appfire#1#appfire#1#appfire#9740EC01-AC8E-4240-9BD6-9AEE12F1BB31
B56A359F-37C9-4BC7-8B87-B27DFEDCA443#appfire#CommunicationTypeService#appfire#sales.app.server.service.CommunicationTypeService#appfire#{"resourceMapping":"/CommunicationType","defaultMethodType":"","defaultContentType":""}#appfire#{"repository":{"fileName":"CommunicationTypeService.java","filePath":"sales/src/main/java/sales/app/server/service/CommunicationTypeService.java"},"implementInterface":[],"extendsClass":[],"repositories":[{"repository":{"fileName":"CommunicationTypeRepositoryImpl.java","filePath":"sales/src/main/java/sales/app/server/repository/CommunicationTypeRepositoryImpl.java"},"implementInterface":[{"fileName":"CommunicationTypeRepository.java","filePath":"sales/src/main/java/sales/app/server/repository/CommunicationTypeRepository.java"}],"extendsClass":[{"fileName":"SearchInterfaceImpl.java","filePath":"sales/src/main/java/sales/app/server/repository/SearchInterfaceImpl.java","isDisplay":false}],"entities":{"fileName":"CommunicationType.java","filePath":"sales/src/main/java/sales/app/shared/contacts/CommunicationType.java"}}]}#appfire#I#appfire#B76CI6M85A58LBP7NYA2A#appfire#BECE5DE9-31B4-4FBB-A057-82686259314E#appfire#1#appfire#\N#appfire#2016-01-14 08:53:09#appfire#\N#appfire#2016-01-14 08:53:09#appfire#1#appfire#1#appfire#E7CA1A5B-6A82-41A3-A1EC-209FF3852DA5
BCA0250C-2C1C-4D97-8EBE-FBE843A06BB9#appfire#AppCustomerService#appfire#sales.app.server.service.AppCustomerService#appfire#{"resourceMapping":"/AppCustomer","defaultMethodType":"","defaultContentType":""}#appfire#{"repository":{"fileName":"AppCustomerService.java","filePath":"sales/src/main/java/sales/app/server/service/AppCustomerService.java"},"implementInterface":[],"extendsClass":[],"repositories":[{"repository":{"fileName":"AppCustomerRepositoryImpl.java","filePath":"sales/src/main/java/sales/app/server/repository/AppCustomerRepositoryImpl.java"},"implementInterface":[{"fileName":"AppCustomerRepository.java","filePath":"sales/src/main/java/sales/app/server/repository/AppCustomerRepository.java"}],"extendsClass":[{"fileName":"SearchInterfaceImpl.java","filePath":"sales/src/main/java/sales/app/server/repository/SearchInterfaceImpl.java","isDisplay":false}],"entities":{"fileName":"AppCustomer.java","filePath":"sales/src/main/java/sales/app/shared/customers/AppCustomer.java"}}]}#appfire#I#appfire#B76CI6M85A58LBP7NYA2A#appfire#BECE5DE9-31B4-4FBB-A057-82686259314E#appfire#1#appfire#\N#appfire#2016-01-14 08:53:43#appfire#\N#appfire#2016-01-14 08:53:43#appfire#1#appfire#1#appfire#9F7328B2-A60D-41A4-8217-510C32C3CC40
BEF70B9F-0E9A-4C63-A66B-08A99D4B2048#appfire#TalukaService#appfire#sales.app.server.service.TalukaService#appfire#{"resourceMapping":"/Taluka","defaultMethodType":"","defaultContentType":""}#appfire#{"repository":{"fileName":"TalukaService.java","filePath":"sales/src/main/java/sales/app/server/service/TalukaService.java"},"implementInterface":[],"extendsClass":[],"repositories":[{"repository":{"fileName":"TalukaRepositoryImpl.java","filePath":"sales/src/main/java/sales/app/server/repository/TalukaRepositoryImpl.java"},"implementInterface":[{"fileName":"TalukaRepository.java","filePath":"sales/src/main/java/sales/app/server/repository/TalukaRepository.java"}],"extendsClass":[{"fileName":"SearchInterfaceImpl.java","filePath":"sales/src/main/java/sales/app/server/repository/SearchInterfaceImpl.java","isDisplay":false}],"entities":{"fileName":"Taluka.java","filePath":"sales/src/main/java/sales/app/shared/location/Taluka.java"}}]}#appfire#I#appfire#B76CI6M85A58LBP7NYA2A#appfire#BECE5DE9-31B4-4FBB-A057-82686259314E#appfire#1#appfire#\N#appfire#2016-01-14 08:52:59#appfire#\N#appfire#2016-01-14 08:52:59#appfire#1#appfire#1#appfire#65F857E2-1BF5-46A3-B397-7ABACD4F7286
C45A5431-F0EB-4095-9E88-61FAA40EA32C#appfire#GenderService#appfire#sales.app.server.service.GenderService#appfire#{"resourceMapping":"/Gender","defaultMethodType":"","defaultContentType":""}#appfire#{"repository":{"fileName":"GenderService.java","filePath":"sales/src/main/java/sales/app/server/service/GenderService.java"},"implementInterface":[],"extendsClass":[],"repositories":[{"repository":{"fileName":"GenderRepositoryImpl.java","filePath":"sales/src/main/java/sales/app/server/repository/GenderRepositoryImpl.java"},"implementInterface":[{"fileName":"GenderRepository.java","filePath":"sales/src/main/java/sales/app/server/repository/GenderRepository.java"}],"extendsClass":[{"fileName":"SearchInterfaceImpl.java","filePath":"sales/src/main/java/sales/app/server/repository/SearchInterfaceImpl.java","isDisplay":false}],"entities":{"fileName":"Gender.java","filePath":"sales/src/main/java/sales/app/shared/contacts/Gender.java"}}]}#appfire#I#appfire#B76CI6M85A58LBP7NYA2A#appfire#BECE5DE9-31B4-4FBB-A057-82686259314E#appfire#1#appfire#\N#appfire#2016-01-14 08:53:09#appfire#\N#appfire#2016-01-14 08:53:09#appfire#1#appfire#1#appfire#243244AE-CB64-4626-AA86-06D1E2B9D749
E25D3C10-D65A-4AED-9804-9A8F33F3E7FF#appfire#LoginService#appfire#sales.app.server.service.LoginService#appfire#{"resourceMapping":"/Login","defaultMethodType":"","defaultContentType":""}#appfire#{"repository":{"fileName":"LoginService.java","filePath":"sales/src/main/java/sales/app/server/service/LoginService.java"},"implementInterface":[],"extendsClass":[],"repositories":[{"repository":{"fileName":"LoginRepositoryImpl.java","filePath":"sales/src/main/java/sales/app/server/repository/LoginRepositoryImpl.java"},"implementInterface":[{"fileName":"LoginRepository.java","filePath":"sales/src/main/java/sales/app/server/repository/LoginRepository.java"}],"extendsClass":[{"fileName":"SearchInterfaceImpl.java","filePath":"sales/src/main/java/sales/app/server/repository/SearchInterfaceImpl.java","isDisplay":false}],"entities":{"fileName":"Login.java","filePath":"sales/src/main/java/sales/app/shared/authentication/Login.java"}}]}#appfire#I#appfire#B76CI6M85A58LBP7NYA2A#appfire#BECE5DE9-31B4-4FBB-A057-82686259314E#appfire#1#appfire#\N#appfire#2016-01-14 08:53:28#appfire#\N#appfire#2016-01-14 08:53:28#appfire#1#appfire#1#appfire#A76E4F8D-FB7D-44DF-8E15-3BFCD2DABEBB
EF385C51-3C1B-412C-8673-ED9638DCBD34#appfire#AppCustomerCategoryService#appfire#sales.app.server.service.AppCustomerCategoryService#appfire#{"resourceMapping":"/AppCustomerCategory","defaultMethodType":"","defaultContentType":""}#appfire#{"repository":{"fileName":"AppCustomerCategoryService.java","filePath":"sales/src/main/java/sales/app/server/service/AppCustomerCategoryService.java"},"implementInterface":[],"extendsClass":[],"repositories":[{"repository":{"fileName":"AppCustomerCategoryRepositoryImpl.java","filePath":"sales/src/main/java/sales/app/server/repository/AppCustomerCategoryRepositoryImpl.java"},"implementInterface":[{"fileName":"AppCustomerCategoryRepository.java","filePath":"sales/src/main/java/sales/app/server/repository/AppCustomerCategoryRepository.java"}],"extendsClass":[{"fileName":"SearchInterfaceImpl.java","filePath":"sales/src/main/java/sales/app/server/repository/SearchInterfaceImpl.java","isDisplay":false}],"entities":{"fileName":"AppCustomerCategory.java","filePath":"sales/src/main/java/sales/app/shared/customers/AppCustomerCategory.java"}}]}#appfire#I#appfire#B76CI6M85A58LBP7NYA2A#appfire#BECE5DE9-31B4-4FBB-A057-82686259314E#appfire#1#appfire#\N#appfire#2016-01-14 08:53:43#appfire#\N#appfire#2016-01-14 08:53:43#appfire#1#appfire#1#appfire#70DC0932-4FA3-4766-81AA-01059D7D417C
F0AC4BBF-F615-4AD0-BDEC-2939F8A054B7#appfire#TitleService#appfire#sales.app.server.service.TitleService#appfire#{"resourceMapping":"/Title","defaultMethodType":"","defaultContentType":""}#appfire#{"repository":{"fileName":"TitleService.java","filePath":"sales/src/main/java/sales/app/server/service/TitleService.java"},"implementInterface":[],"extendsClass":[],"repositories":[{"repository":{"fileName":"TitleRepositoryImpl.java","filePath":"sales/src/main/java/sales/app/server/repository/TitleRepositoryImpl.java"},"implementInterface":[{"fileName":"TitleRepository.java","filePath":"sales/src/main/java/sales/app/server/repository/TitleRepository.java"}],"extendsClass":[{"fileName":"SearchInterfaceImpl.java","filePath":"sales/src/main/java/sales/app/server/repository/SearchInterfaceImpl.java","isDisplay":false}],"entities":{"fileName":"Title.java","filePath":"sales/src/main/java/sales/app/shared/contacts/Title.java"}}]}#appfire#I#appfire#B76CI6M85A58LBP7NYA2A#appfire#BECE5DE9-31B4-4FBB-A057-82686259314E#appfire#1#appfire#\N#appfire#2016-01-14 08:53:10#appfire#\N#appfire#2016-01-14 08:53:10#appfire#1#appfire#1#appfire#A75EFE12-6F8D-41FA-8BEE-F141116F9C0F
F353ED22-BA03-488D-AA9D-4ABCA73A70FD#appfire#AddressService#appfire#sales.app.server.service.AddressService#appfire#{"resourceMapping":"/Address","defaultMethodType":"","defaultContentType":""}#appfire#{"repository":{"fileName":"AddressService.java","filePath":"sales/src/main/java/sales/app/server/service/AddressService.java"},"implementInterface":[],"extendsClass":[],"repositories":[{"repository":{"fileName":"AddressRepositoryImpl.java","filePath":"sales/src/main/java/sales/app/server/repository/AddressRepositoryImpl.java"},"implementInterface":[{"fileName":"AddressRepository.java","filePath":"sales/src/main/java/sales/app/server/repository/AddressRepository.java"}],"extendsClass":[{"fileName":"SearchInterfaceImpl.java","filePath":"sales/src/main/java/sales/app/server/repository/SearchInterfaceImpl.java","isDisplay":false}],"entities":{"fileName":"Address.java","filePath":"sales/src/main/java/sales/app/shared/location/Address.java"}}]}#appfire#I#appfire#B76CI6M85A58LBP7NYA2A#appfire#BECE5DE9-31B4-4FBB-A057-82686259314E#appfire#1#appfire#\N#appfire#2016-01-14 08:53:05#appfire#\N#appfire#2016-01-14 08:53:05#appfire#1#appfire#1#appfire#F4B47291-76A7-49CB-BBF1-BE2DDC020D80
FA643D35-4473-4FEB-BA96-FB770DCBE1D7#appfire#ContactTypeService#appfire#sales.app.server.service.ContactTypeService#appfire#{"resourceMapping":"/ContactType","defaultMethodType":"","defaultContentType":""}#appfire#{"repository":{"fileName":"ContactTypeService.java","filePath":"sales/src/main/java/sales/app/server/service/ContactTypeService.java"},"implementInterface":[],"extendsClass":[],"repositories":[{"repository":{"fileName":"ContactTypeRepositoryImpl.java","filePath":"sales/src/main/java/sales/app/server/repository/ContactTypeRepositoryImpl.java"},"implementInterface":[{"fileName":"ContactTypeRepository.java","filePath":"sales/src/main/java/sales/app/server/repository/ContactTypeRepository.java"}],"extendsClass":[{"fileName":"SearchInterfaceImpl.java","filePath":"sales/src/main/java/sales/app/server/repository/SearchInterfaceImpl.java","isDisplay":false}],"entities":{"fileName":"ContactType.java","filePath":"sales/src/main/java/sales/app/shared/contacts/ContactType.java"}}]}#appfire#I#appfire#B76CI6M85A58LBP7NYA2A#appfire#BECE5DE9-31B4-4FBB-A057-82686259314E#appfire#1#appfire#\N#appfire#2016-01-14 08:53:07#appfire#\N#appfire#2016-01-14 08:53:07#appfire#1#appfire#1#appfire#6B578AE4-0C4A-43CD-9059-0748736E2D6B
